username,password
user.000021,rUMv895laWlJlzfs
user.000022,lLwRR1bbbVxgqt6J
user.000023,bXa5fwHUSK4bggUv
user.000024,646RY6wLuOIx6GjH
user.000025,5onOSHgMAWKMEfSL
user.000026,JxjU1qVr7zMciR2O
user.000027,5tVkZzauNkcJqTqy
user.000028,IilLt6v60vcWEwRL
user.000029,rYetGEaaYevYgi23
user.000030,0rbsYctaMAwI2U5T
user.000031,qFNehvAkDtxz2yxP
user.000032,OrxUEHjogMkWdlrh
user.000033,9mAhepvufal2STRi
user.000034,svV4bMi5xmwmF075
user.000035,Ert9oxHTXv4x3O9o
user.000036,vOauRC5AzZwB9dDE
user.000037,jVJ7dl2kCbEM6UMV
user.000038,ETvU7spGA4RIV88q
user.000039,S8xVvq6YMHlPEPyi
user.000040,0mOZDn8kLXqTdzdR
user.000041,8HG6Viwlpfz1ldEC
user.000042,VCzhBn1mNAXpgiGJ
user.000043,Nz00WLcSbvu0oUKi
user.000044,2VHUetHJbfWb0iHe
user.000045,BMM3trnnSBCYrepQ
user.000046,S4RvhMgknHqCMo8l
user.000047,jnXRpZFp9St8Bxu3
user.000048,SM07EuVg4xLi5qDW
user.000049,zYBI2QEyb0pMMCSe
user.000050,Frna6JNcJ5JgAnNI
user.000051,PfHn9wxySa8YnKPk
user.000052,dhauGQoSHi2nwmOs
user.000053,TOWW2i7cS4z2RcdE
user.000054,qJl34Mn3y4cGf6HI
user.000055,fdg7t8YOYB9V4LN9
user.000056,nx48aybshfp6KRzT
user.000057,veI1SXIuhVKgURKJ
user.000058,03u9YgMPPzHFCb2Z
user.000059,gcvscv0n5FEOatH9
user.000060,rLAdDyKtJvTGN6X7
user.000061,TJvIUbd5QvXfpMk4
user.000062,1v7dWUewPqvJHQ7x
user.000063,vtYpwHtmDWETxXqb
user.000064,JAwDrxhGyVneoCh8
user.000065,HvuWs1CNUs8vbMwI
user.000066,sS6pXqScCtvfP4HN
user.000067,FUXxVXbkihHWS5KK
user.000068,59gjJHHqPmtaidQ8
user.000069,X8o5lzQb09HtQhRF
user.000070,mG47iMb5vGhPnfSl
user.000071,rlfhSYG67XiYevdp
user.000072,hP5A0iDpg3vSXHh0
user.000073,xWG75SwSyvLuiQTj
user.000074,x2q7Tr7kZJx9lPTh
user.000075,yLwYaS5l6SMHEG5O
user.000076,D9WwUhlg75lJkg6H
user.000077,SA9Djzv5lVxwZ9io
user.000078,j2v03agm6SsfnNMH
user.000079,nqgE7ZKQ6fuZtpDO
user.000080,rtOF4p8KmL24YJzv
user.000081,6lZPGHc9QkGMCRxE
user.000082,BAVdJsYW0VA969fT
user.000083,jY8HPKymyKSza1gg
user.000084,PlAM1y20O05nL0yy
user.000085,eBCuXjNv2Rs03Q8U
user.000086,fJVoVPi9zPLFsL7d
user.000087,qwQhRvUMFFy3kLlf
user.000088,5SjKAShYduz2JMQ4
user.000089,KFivjMYh095mB83V
user.000090,BXb1Iyol3Pkvzum8
user.000091,T2aRGH6qCmope7G1
user.000092,Y9HY33YY63Je9Nhr
user.000093,v4pBJ0RUSHPvlnpS
user.000094,QAg3gyv8crKmtTKg
user.000095,GJZaYTTWvYWznJ6B
user.000096,irhwjKf84GAVMgkv
user.000097,zZGfA3TX3U8QCabz
user.000098,PXhWOuCMpuFXUslk
user.000099,pWg2hkD5D7CBGxr0
user.000100,gId1XbdgfGoaDIwL
user.000101,mJrJCc4oNRlEBJaX
user.000102,GRw2RewfcRWQqZV6
user.000103,6aopgsgKR8XjF54Z
user.000104,G8ueTeqZB9kF5nbU
user.000105,AbCK7HNVMWEEFRvN
user.000106,r3sgVhqorLSezSBd
user.000107,iGTJ5qUy0i0172w8
user.000108,2I4DfWEvdEkTLfza
user.000109,WuFKtEo8Irl81vLZ
user.000110,UWyO68tFbqntejUz
user.000111,46CCGCfVtOSRe8UC
user.000112,1P8X6Qk8ceb2Bou6
user.000113,HkS0vMmwlPXdl2G7
user.000114,02pmKipuuv8vgTrS
user.000115,nVdiWn6rr3amhilZ
user.000116,30Eky5eXdZYvzWUN
user.000117,whPfZyrSkVfa5SRf
user.000118,ACcMofjOrqesDOGB
user.000119,NDCZaLlstzoppf4J
user.000120,Mplb7jdJtFw7ff0Y
user.000121,2jMjaaaXhCtlDlGx
user.000122,uhGilcBg7YPoMh79
user.000123,HUG6catWKT0ymWia
user.000124,depyf8vEdsa8UR29
user.000125,beWa0cucW4TkMkOZ
user.000126,WrBUIJUf9G21cjAm
user.000127,XCyuUc1d5rziTiq2
user.000128,a7tckcJ8hUZ7Uy1B
user.000129,CTn2X6oOLxWmz85g
user.000130,160hzIIgp8Wmu1Qs
user.000131,OROcffAR162b2iw1
user.000132,sfgGy9KekvvkXPQn
user.000133,Xo6XVxi6mmIjxHlD
user.000134,FHeEeeWBgOL72gE1
user.000135,l3Wln6vzeM3imsk8
user.000136,HakShyroYitAGHfS
user.000137,hUeEmdDWC3QPY4Q8
user.000138,V4dZzAqp6E2W2Y73
user.000139,zUOTLdlNeeeZKhil
user.000140,iU219GKQzeVkXxeB
user.000141,pNAIhpAuc8Zdk7e4
user.000142,XgtB9k1TJkK0JPuu
user.000143,zSEZOqEpNlOcGRd1
user.000144,Q4IyfSF58WN00G7k
user.000145,hJjqLkNbAO85ubdR
user.000146,wYGOPuOUx8FKNUuU
user.000147,3GMidJfK6Y3bEldO
user.000148,oBswtaTmtWLSmw4F
user.000149,JKdii1X4oF6XW1S8
user.000150,p1m79d0Jt9aCaDky
user.000151,Jkbc3UwgcXfpCaWx
user.000152,uZs6CEuL64mxUueu
user.000153,lv4b82kwhhEfsMME
user.000154,gfQQwwVwF84fQ1hc
user.000155,r9dJ5OtMoh6wyRXX
user.000156,FreUVTXaFVEOZtLT
user.000157,NfyLyIjzp35aFwsa
user.000158,7OkHH6vb4aPmDphG
user.000159,mLViXnEM2G0JHB4a
user.000160,AgD4FYfF5QS5k8Kq
user.000161,MrrMG9HVuhKWELgB
user.000162,uIq6tqYbHYyI0Rb9
user.000163,XwskthzNXcaqwPxx
user.000164,iynfUeDzxBvjuwN7
user.000165,lmyIGmkzzFVJJ7fv
user.000166,8Z2nStGaYley1WtU
user.000167,vpn5qGZAMydSOVNn
user.000168,ny2fJXN4nBldNk6O
user.000169,wMo3DOvkPDws2Z0H
user.000170,RHAI9A59jJOHRZ9M
user.000171,KWMY3PCqJE0sUb6D
user.000172,X4HAtljkFDBk5FKW
user.000173,UdxbHf2jrfysiWdN
user.000174,zgaDSd0wL2Hit6F1
user.000175,nZZG4VEx77cg0zNh
user.000176,cZ226BkhJgK7wMds
user.000177,aLqBzs2RGbqDFpzg
user.000178,skcIxPoR2JGXCLA2
user.000179,fGLA3Al6SSqJYDCH
user.000180,EzdslF5HRt7hToRA
user.000181,NFInI6frfK1h66vf
user.000182,PKOIz70tkAtwOGo9
user.000183,Z1R4pnTjs82AMZ43
user.000184,eAocLwAEK0UwpmaU
user.000185,xsKGIA4QXP3JrUbF
user.000186,tSoOqhfwT42jx7Jz
user.000187,OMuHQlVaaOfgbmx6
user.000188,ZWeE9m9Brrk1flCm
user.000189,6wr9XtsOiqeCSlWc
user.000190,OOuRRohsYp5vnyEJ
user.000191,apwmrPlykGfHXD7V
user.000192,lcNmCIUD5AqjNfCK
user.000193,n7IyJFCBpfw5YoB4
user.000194,sp0Tq7nneDOfwGi2
user.000195,s8fkBrJjtMrdcOMi
user.000196,TWdbviFu39MulOuM
user.000197,Iwsc0mZ7HjZQyojq
user.000198,KPfammcExvRVxQyt
user.000199,7VBciAxQJFW2Vq7O
user.000200,JLWYVh17F4VosBMD
user.000201,3oKQnfXKIsytaz4B
user.000202,KreoKef3WqY62BGz
user.000203,CMO6VKV0ilLxaYDv
user.000204,gA819LuBmXzdyZ8V
user.000205,q5xM0uHNOp6yDBBS
user.000206,DGIGml9VtCvEpaTS
user.000207,2AVaRcAKhXsBdS0R
user.000208,AOrEOh79CnMvG1bN
user.000209,T5ftBdFILJbYsTJZ
user.000210,LmNTWq1Ddw5gNh97
user.000211,ryFezCSwKEjhV1jG
user.000212,nfJkMaRhjEgT8NdC
user.000213,O6rUusYBe6tphCKM
user.000214,rS0XkO3AbDtAPPM7
user.000215,DjoanGaIVNehEdgb
user.000216,rU8iFpvsui7GAgHX
user.000217,a6dJ9WjODg6WtdIm
user.000218,nsI9yocnHIjHeric
user.000219,arPrrm2ta3NEDvMK
user.000220,sSHo9c27xJLXLYu3
user.000221,TiLLaSMRBSbchFwB
user.000222,ncamSA8cwYppa5ju
user.000223,OURCWtYZ48hRPKGf
user.000224,a7neEvX7fRow8B8z
user.000225,p69dfNnD9zmQaQgV
user.000226,vznuvrblGTu1dXXX
user.000227,z0rJwCcD8Oq31LyL
user.000228,JEOIM8w5a0CSd1cy
user.000229,3i4RsR5adTVuRBha
user.000230,aAlfjh6mfx6nl0bg
user.000231,BF5hHMILxR5lqtBR
user.000232,WZwZUYhlfWNuBxPK
user.000233,rypgSc9XUuFtIE94
user.000234,es9XV87Bsgq3YjOq
user.000235,442dLgcdTa2GlcgR
user.000236,VwynBYLyXDuZCqFO
user.000237,rwxPugi2kasL5VWM
user.000238,gRPfCPAi7tkwfTGj
user.000239,Z0zbW8xMlcJqtG8k
user.000240,iwEJDsocSy1cWLWe
user.000241,nHUnddAA8VOAzj6f
user.000242,jGcBYFZTV0DQXQwI
user.000243,VQgVMFvsagREe0dG
user.000244,5PtPENQzR0AfpbOs
user.000245,cbenJK1tM4uqFRyn
user.000246,GAk4QrMnBLH9MVup
user.000247,SHqIaB2CgzdWWrT8
user.000248,UQL2Jr7V1PLZPHnH
user.000249,yPZcaCgri28XO77L
user.000250,BrPw7vvMUaNhJUZb
user.000251,r3LToHM3G8WkRnNb
user.000252,bCormT7OaZrRUsDh
user.000253,xaPNVRdGMUQXOwPB
user.000254,vWPF3GDfW9nXFd8E
user.000255,SjB8ZV5ATrE9y8P4
user.000256,p65jrDSFUkycoidB
user.000257,x1eCmmSSc7sz5oc6
user.000258,AzBp62i9I3mRTUJO
user.000259,FdoJNPIDGMdNntfg
user.000260,cwZnlMAnVWSrrdZ3
user.000261,NVcZuxfTlDfOt61T
user.000262,CdmxNWabxVF6qklD
user.000263,zsxlnxfLJr020yr3
user.000264,AJkqkzR16WcBPcuR
user.000265,LUJscGL0IT9CuxDm
user.000266,BouRjkQpjmymtYOx
user.000267,SuevdjD9CDXkLxhE
user.000268,lpIrIyNVKhkvDKaJ
user.000269,P4VBuyB9Hlf00u1U
user.000270,9BzGJuugDkeqgmsz
user.000271,M0VUage92V5F141M
user.000272,aTcphKu96zIhbAy4
user.000273,5nplPcdWkRGWWfbA
user.000274,ARCftBsBIcpI9SsR
user.000275,uT37OanvKA4JEKbD
user.000276,Ndl1itT11VLfOCv3
user.000277,rH5H3lVEqgkeVKDR
user.000278,vbkMUGMNZkAC91g5
user.000279,829k7FPTDDwdcGcU
user.000280,4Lpgtl853EHVomvL
user.000281,uaPKP4n5woZbDg1k
user.000282,EvmwMq7gkMeolxp5
user.000283,mSgggI3Q1DvZAIr6
user.000284,Dfa19mWk76I2Xflp
user.000285,1PwYNUV0YawX5Vkj
user.000286,sh4HRLPyW0ggeIcX
user.000287,yaCWEKgkvmKQ8Nq5
user.000288,ukkHAjsF7uSEREVO
user.000289,47WQRzRo65Zd5gya
user.000290,dSjyJKhDbcZdDIsU
user.000291,KFUJGnxyGQygwmA8
user.000292,iDLCsbtjsvuQH8du
user.000293,Bb1sOJygMnmuKsuC
user.000294,pMybzHfibZoqBjq0
user.000295,J70ZjxOf6zyqcGm0
user.000296,n919Oel78qSRA9vX
user.000297,Hdc0PKMDFESrfNo6
user.000298,X2B2B1b5dqDpmQhc
user.000299,Vz57Nt0aw2CMds5P
user.000300,ZRmuT032bZ0zC61k
user.000301,lzR9Rs90beeW5QZI
user.000302,2V5zKJCOI0GbToN5
user.000303,ToPD3Iby63rjka4L
user.000304,JrBJRG4zz5FFxzS4
user.000305,D0KdtIMz4nwQHDGt
user.000306,eitfmsXS31mkzhaE
user.000307,0Q3yYABoFxxVBRZY
user.000308,qUgQqZ5wxaM6awyX
user.000309,Fbm2cHcLJhBk9ZBH
user.000310,WlEuY0750aArmOa4
user.000311,aLdmR5rjEl51Grfa
user.000312,Gd0bc23LfLs75U9K
user.000313,CRvvcWGZdbNaTndk
user.000314,EXwetuiZAJFn3t4H
user.000315,oO4Vr2AVLMSiXDyH
user.000316,2MrKvRTYHRNXoX0v
user.000317,SsYQa7GykaXjB2mk
user.000318,Wdb3Kx7M7w8p9BN0
user.000319,JI36AkyuXHZsbI3T
user.000320,7pZbQFvCuo30CACY
user.000321,MS2LndQpoMS9TBAr
user.000322,AeZUaYx1MMfc1fWi
user.000323,Fvj71rWPX4dRfV8p
user.000324,Bj9VpgsTAgZLzzIj
user.000325,f2WRYxTBT142zR4B
user.000326,bYKJAnwWyB8xdfpf
user.000327,X1gm7Ez4cO5cZEqt
user.000328,hg2JdtxVDbodS4ms
user.000329,gLmdLOm6mOZ3XZXd
user.000330,i1a7FIZhxmSmKHVO
user.000331,xfIn0eji62T3NrfE
user.000332,xbSfIHHjPtaWDNFE
user.000333,f0qFBZnHBXK0zqmz
user.000334,KIRM06ynAR0wEToM
user.000335,sTeAuZFISVLYPFBv
user.000336,8Hl0ydNZnw32ARGl
user.000337,SB94jRalm47hmvzk
user.000338,QvdUtK9Eufqxft7t
user.000339,q2Jh2wElMwTsVUnr
user.000340,s5LAI69rHkiQSguB
user.000341,QWG5G7PfrMH2QCKJ
user.000342,kdEVSY6HJApSaieT
user.000343,dnMFloKQBkikUazg
user.000344,kXwGOzdms2JirvjT
user.000345,74E6w6c0LWHly9lk
user.000346,0TqAlIQmhR4gE6nW
user.000347,g1d4AdTFt2BLMWEt
user.000348,7uuqfPsyqeyvKAc8
user.000349,zfxe8Yf3Rc7g9cGI
user.000350,B9XOcDFlHtVU36LT
user.000351,Ph1UtnvCWxltzgXp
user.000352,KryKfPX9rzQIViUg
user.000353,8yoxQyPD16Psg8iQ
user.000354,KnikzCQjwsohIFe8
user.000355,1H38KXYhLZSlnLuo
user.000356,PVzBXuJ7UoUWhC5y
user.000357,SPXEu3e5fVajfhCQ
user.000358,loOteakFP4ammixA
user.000359,K195hRePCEeBjsYd
user.000360,0LfTzrP8joOpSfpb
user.000361,2CFqPOH1yQiRRx44
user.000362,pKi01oosNOEKNnCs
user.000363,GaYNs2l7lH39T0ad
user.000364,2tXCl5DH5NKNJNxW
user.000365,iD8SE0U5zLCHygTB
user.000366,xo3K0Wbod35vEoes
user.000367,ZQzCIwUS13EbctWu
user.000368,eBOmgXi6LsIdJsFY
user.000369,kx3XCcLlxeZtTp0m
user.000370,y6DJ3NUmsGlknHqe
user.000371,2GPPLZZAqRZAjRtu
user.000372,ZeUs0SZYw5tyVCov
user.000373,RRklQa9HW0mjav4a
user.000374,xFWMAF9hfEqfGlyn
user.000375,3n7J5AtHjRS50Gn0
user.000376,djcO4dDvd2mEwho4
user.000377,TfVsnfaymuoXFB3q
user.000378,ZErTA9y6kBZOVpLc
user.000379,Cf18ZCwwlF2fPg5M
user.000380,SbRa99iDVmqcBNMb
user.000381,AirGpFF1lwXmm0J5
user.000382,jkSIAWDydNEpsBpY
user.000383,6Bo6FUns01iwmY88
user.000384,W2qispB7tg4sYeqA
user.000385,Rog5ijt1N8TJdkm4
user.000386,LLVVn4QSEjkhKGjl
user.000387,hMqKbnzxq0iOT81c
user.000388,4jOay7aBDKvtkxOY
user.000389,OVIC184LHSRv39aX
user.000390,47HG5aSPUOgvGKPO
user.000391,2hv9qZCkiOh8tsV7
user.000392,nYb9sHmKPnHoeo05
user.000393,wecapaOUv4hbIdfN
user.000394,MXzBkqL5xynGtCRs
user.000395,9PF1b6wrCj4NlnL9
user.000396,D7VV6tXiMgz649FA
user.000397,0O6mACBNogmMpzqJ
user.000398,8ggxOrSHGegUjv6o
user.000399,UZA7SCCBXON1BLMd
user.000400,E54RNUD6C9IXPyH7
user.000401,5c3IXaJq8VLMIJCW
user.000402,8g7uRX48Moodwt5y
user.000403,E4QqD2PAMFJBv3Nm
user.000404,Jmmp8MSbmBMH2BUW
user.000405,saQywGMlm0mpJp02
user.000406,fMLJAuRyWiSDaWh7
user.000407,ZO5w9d3xp415gUiW
user.000408,oZKVVDsa9jtgj281
user.000409,E0lpizdbAcd9nHNU
user.000410,oK7zMyzRaMn74PDh
user.000411,UHzXENCcSdpeaMcy
user.000412,bnnffw7OND26TzjA
user.000413,iiAQCPrRYDwHWkMx
user.000414,nzG7oMI4y7rnIqu0
user.000415,e2BQiYlAgiE7WWY4
user.000416,dhHNG95EQVkjPweV
user.000417,LmBf0uCiHyCRvW0G
user.000418,FTpmRByI3ot7RmV6
user.000419,Fb4abzhxUWFjlzCC
user.000420,7EjmS7VjzczqZg78
user.000421,W2parnKUIRmWXI4M
user.000422,YS4qOXVC6U2gKHum
user.000423,jJRJXl3e6QQmfIsB
user.000424,1wEMzlQgXzTk2kSU
user.000425,lJDf3k0yZTLTWq74
user.000426,YZZVjDXpJCnKPxTm
user.000427,NRmLFmyb0yVsgeRI
user.000428,n3VARm9KAfj1hKNz
user.000429,NqjIT4SYoMzp7HK0
user.000430,cWFc8i7v2gsRnoOO
user.000431,ihA5o7Tfs7jvptJ0
user.000432,dY0ijfOd2pet4u1b
user.000433,0eEMrrMaVBLHjkm5
user.000434,ahcRmWbLIaT8Ll3O
user.000435,0S2VS5Y4jEZcT1OR
user.000436,SCGCTL3M4qjxbH1H
user.000437,h60aIp5oGifqBXn9
user.000438,dL74baqgluxuflHf
user.000439,Ms7ntQfgN57PbbVM
user.000440,xjisFagu2RdQxkgr
user.000441,IML7AYeRRjDt2ZDf
user.000442,bpZJNx0RjxDCRtXe
user.000443,WxEbB4hMvpA0FWzW
user.000444,C13095WZSvFQ1bxa
user.000445,9yAQvAs39FYxEY6s
user.000446,qa5cT0Ir1ayjBJh3
user.000447,1XQJyFfZtjMnwzMi
user.000448,mXMQ9NjmZ4cHUVld
user.000449,YGHBJjJJpQCjzYAT
user.000450,YzBc8x19XCRpOy1y
user.000451,5mQdvGGUmNNhORMo
user.000452,qpCOHEhh8nsOGvtU
user.000453,IrL5UshzUibE1U3z
user.000454,NB2XwKAsO5xcmRlQ
user.000455,CsEW6t4XIWw3OvpY
user.000456,Tm17g5NlXkKVsneI
user.000457,q0i8CKeSbbmdNwOq
user.000458,xwPrYSozfbqb3eQr
user.000459,s7ld7xvrYTnS4gv9
user.000460,JbEc6KVjUYWf3Wd7
user.000461,nbLSpwqM9dVf3ZSs
user.000462,ZfWL5Ix7i83eiNBN
user.000463,QIzoaCUCzpIAlByT
user.000464,abqM93pzr8pK7EaA
user.000465,jX6mgpbz804iT34j
user.000466,RV7UsEoj7B0rrVs9
user.000467,4W7xwYaksTujaL2f
user.000468,xBGWU8gUVdHGMCzV
user.000469,Tch2gcVzJlgfFRj3
user.000470,uNEpLeydYjemIY2q
user.000471,tYF6x96BDx6LUWM9
user.000472,IEmTb7De8t3WWKPn
user.000473,WMYLYSX6kLecPIiA
user.000474,xMTaEmD7wQY1pcim
user.000475,HoqF3rAvb3ED2hmx
user.000476,EDZfTo7Iu6pqbZgr
user.000477,uh6hFsHDAK8Uhsbe
user.000478,Lne3eqyah14pnJlN
user.000479,TIEz8aSkQ4KcgV98
user.000480,o34DzqvhpdagoA0g
user.000481,I7ReqpIMnnkezPdU
user.000482,reSf9zVbrzoD9YJx
user.000483,mYlYoZqT5geLOyGk
user.000484,MEE6ONmojYXw6D4h
user.000485,iibzgwTW4HOg9XBi
user.000486,tzptm5XvjzKW3PSu
user.000487,P4s4hJHEXsy9NWgF
user.000488,xQZ79hS0QwHoVwgi
user.000489,ay2YnOoNcgZYgD59
user.000490,08gOzVwX6nZiwss3
user.000491,BBHMNORWjelRpThC
user.000492,iQ8ssO2vT4tnvfIF
user.000493,dFYPhTU34XX3l5G0
user.000494,x6pZHW0TI4Tkp1yT
user.000495,uFf0ox7JJAoLXmDz
user.000496,YfCBz9UqMn9I9QOR
user.000497,KBza69mQcgzbKry9
user.000498,DtOXJxbSPbDBXrkY
user.000499,W2ic5rQcnWdiLJvl
user.000500,aKhdA3Jsg3tbiC6B
user.000501,zZO1UwZPMSIsKxNL
user.000502,DUI13RRQPI6wEQle
user.000503,bvHep853gSDwk58V
user.000504,yzap6YjrpRuwX2Ym
user.000505,o9oeOKfQcPtARMJL
user.000506,ZFXvhYKWnxzuHIvn
user.000507,CMAtmF3YDEIyCHsM
user.000508,zG3kTBZ7wqGlO2vh
user.000509,vIbeaIPF8bEOL2w1
user.000510,vWyp4p2XvjAQzwjw
user.000511,gUhyQiErs7GVpML9
user.000512,17UxXkVzk2tEnu8F
user.000513,ye9B2NhmsJlw5Uo8
user.000514,TeaSO3s1QvgCAeyS
user.000515,rOdaeDzU9VyAOsjT
user.000516,1yBLOae1D1NqWF3s
user.000517,nyqNqfhoUfmsmutA
user.000518,0qfKgUl0dV6K6IRy
user.000519,ARSOaRvTQ3Yk2NGR
user.000520,rRYCp9YndiAaH1ks
user.000521,iFlYpeic3a2OydEU
user.000522,3VHCvc5ZJaKCcser
user.000523,kFisEyx6W8kZJNJF
user.000524,FcWTk4EYMX33X40O
user.000525,NqGJW0uYDX1GuIbh
user.000526,T7ndDJyb8BXSplXE
user.000527,8OWJ5twI0usOevGg
user.000528,XYG2zrUDQVztddVH
user.000529,ghL2GB176z3I2AQp
user.000530,0pnB9AItLAKpOfDQ
user.000531,45QC6hecLgHugHyd
user.000532,ZdwyWsmqO9pdlGlN
user.000533,UyeCPCnXdwMSLlG2
user.000534,7KQKuLzUyq4EZCD2
user.000535,5J5xH1eBDuNcQtfs
user.000536,ZvPjSHlGPRHzj8c5
user.000537,RGReLRIc7WP8lowk
user.000538,rPuwHqoT5bpdAM7x
user.000539,oegsdVoZ98jebpHW
user.000540,70iyN3fB8BgyWkJo
user.000541,lDxy3GBiEzMmiliR
user.000542,Vztcvm7k3m93pBso
user.000543,xkOIvlDypdBYzz61
user.000544,QesjstZ96W81yt1S
user.000545,MiLxtoa9o9U3yXwX
user.000546,r5SmZyKe5A13E63I
user.000547,aSMPijjpWhbqrvR9
user.000548,zc4XpYCtaWKtbknR
user.000549,Jm6eSqKKHG8taivy
user.000550,7Z2m9niZecogAXGJ
user.000551,uvAfSedwtUmvFJPH
user.000552,WjJA5SVHcbvoQaIl
user.000553,7bHAdMIQIGoCZSad
user.000554,h45OuDTQclM8Bl5M
user.000555,84EM5kMZOj0ITQd7
user.000556,BxDsBatAxWfDagqi
user.000557,t3xUsk0XYv5IlBVI
user.000558,uErc4trJFmj9RTQe
user.000559,pz9kWqA80q42xnvA
user.000560,ElS3eEpMzIMo1Mew
user.000561,8BLcmumYuxLuf8Yb
user.000562,1L3hdiV36nduSJR9
user.000563,ADV4zjYT17CVBv9c
user.000564,euHeCD76VP8CcPna
user.000565,GJ6ekfMjc85rVRMP
user.000566,vqxE4cqGJiX4cMfC
user.000567,s94rkQH4GQ9jzmgu
user.000568,UHf0hLevhNY04t25
user.000569,TZggugTGg8NlgCIr
user.000570,zVqNgwIIJfX4HQh7
user.000571,gbyLLbGbQvlGczNV
user.000572,JjbDpqQv2JnqDIWR
user.000573,Ky0EsPvBF8VZPUee
user.000574,6Fu4bdXqi9eP64VT
user.000575,rUOPZhKmBp0HMFH2
user.000576,khwmgzlwvrfj85jB
user.000577,yGG5BZChZglgT0ka
user.000578,Jg1S9ZgukXjErJhW
user.000579,JzQ0kMINFSBp8tGU
user.000580,8anBrlLU95IThUIe
user.000581,tcHBRVUhygZdnrTL
user.000582,FH9v7F3fLK2tSTxD
user.000583,0epJ8tZDaQiVcsZI
user.000584,5B2ZHiQK1ArnjzPz
user.000585,KfDwUEe5MvSBL3Ix
user.000586,tKH4V7tUXHXwIYkH
user.000587,uhqSj0OIPPjbOHyy
user.000588,VAELR7gHVCxz0UtW
user.000589,VldBJ8L9gP0oLB2v
user.000590,ND1qcOeT4PlLTFwc
user.000591,zkKnriEVr1bkLSfM
user.000592,2jfaNYBdR2XId0O4
user.000593,LUyDTmrh6sXzxWm6
user.000594,yKY74VHntEnhsTGT
user.000595,nd9Rzx4twFJDkHsH
user.000596,A4agLvMA3vFhpgxT
user.000597,tAZYDIDg0S7C0QNc
user.000598,iAtWPNofSX2dfFUv
user.000599,09Df2caJbJwTJiPw
user.000600,q2V13lKdnhkWzBu9
user.000601,yC7TsPsjUZz2dp3F
user.000602,0mmnEYCPVRRtNhjH
user.000603,MkbRnz9rEGLXcv84
user.000604,dU1sbForeAMxPJCT
user.000605,aoDo4YKzOk4QdCU1
user.000606,QQnhFGsADeBEuUJp
user.000607,w9OMKSXR4MSNR5go
user.000608,MUUTxI97GGmfpUDF
user.000609,hbPtld3jopeZNoVI
user.000610,R86hMFvVt2FrwtHM
user.000611,b27QRDfPkCfix9tK
user.000612,NE9CUCuhgwilnWCr
user.000613,fVcWm6YSuLQ9fcaX
user.000614,Bpz22cmRU6BIXhud
user.000615,HtLW4hMC916dz5GX
user.000616,JMtZW3pqYwX8g7kP
user.000617,cTq7747VRF7lf3JW
user.000618,w3GX2HKU26oV48ra
user.000619,ajfsNruKyTmHSvmB
user.000620,1JwQsi7p2je94CKD
user.000621,9HXOP9I4HT94nsl8
user.000622,GQa2HJN9TJRd8kMZ
user.000623,oakqS4sEdhKJ1tsc
user.000624,oRITsIfDwLONnSCm
user.000625,xnDggH9jfbXlylpO
user.000626,0a3FcMEwYLCNuFKK
user.000627,eW5wCE9qdsKdrQeK
user.000628,WupV4BkSwvAMM7Pp
user.000629,gBem3o1OatblZ60R
user.000630,mZFIteUGCd76MAUh
user.000631,MCSuqGuzvDoAKgjN
user.000632,XALD2EQaCt0wGNTk
user.000633,C3Rc5jsQom8jK6g8
user.000634,QtqYPyVZjDPWVtCY
user.000635,NljfeHV0z8Pq5gTQ
user.000636,ctWG2lMP0R9ws5ub
user.000637,3OtVEvg6Pci5E1sf
user.000638,IJdvZOGnOxQlax6y
user.000639,vAj0WikGhNOB8gXx
user.000640,ZCjvseslF3i4aeGi
user.000641,pZHKj0H1RfKWuZeL
user.000642,kuncSlHYlTOUaLFL
user.000643,MEWpzitLk3CylYpM
user.000644,j1fxjM0Wir2ZY3AE
user.000645,MGO76PNyynS61zu2
user.000646,IXnxtGR0PcLTRyqt
user.000647,fwJAfKZ4vAhmupiP
user.000648,G7WirMrUdJydUWTk
user.000649,TxizsqyHdwUeLDhW
user.000650,n2halYuTxfppFvoH
user.000651,5QBFp733tsGSf77r
user.000652,GgeQZgpWReOhLuKD
user.000653,UhFtjqpXWHEibNZg
user.000654,o1GMbZsbIrxFI8n8
user.000655,cHKps5YUCBteQhp3
user.000656,3PLpSdJ1bJSojUTR
user.000657,6TEzjmEVsewMz5zs
user.000658,EaGQ6jh7Teurl1Is
user.000659,3nZPkNfLrnqfiiYE
user.000660,6ze1znUL74s4wH7M
user.000661,P3MSgOBA2f5aWoz3
user.000662,zjNOknlwO4b7HJqj
user.000663,oSrheiSWnzABB2QV
user.000664,jEurz6s9cdp9hbpe
user.000665,vthcesA61I2oS1BZ
user.000666,ob73QoJE5PfdDdNS
user.000667,4Es0mA3y3chJP0EP
user.000668,zCPL6rCVpCYXSoSK
user.000669,nmsRcLgjZ78LKrMm
user.000670,O5Zy8roiBoZyMHIA
user.000671,sNSWjMkdFaLt0e7J
user.000672,m2i9dH7qPhBAdqzO
user.000673,DGuPVX8fJfDc8Cvi
user.000674,8ezWZSz2BEFfB1eW
user.000675,A4QImndGXZpjOIPw
user.000676,617i7Guen13oY3rt
user.000677,3hIQ8OdNV1I6OJHi
user.000678,UZqrYZ5NZaPExXY3
user.000679,FOwn5uQSvKdTVzdZ
user.000680,IXU1FGTH4XJ5Gr26
user.000681,mwqi1wopcCDgxrO5
user.000682,ctoVYaEtYzXwP7nk
user.000683,0kZjFPYjSvBG2Mnc
user.000684,zjPUDqPESqi88AyM
user.000685,LTcQsxYcBpcvsale
user.000686,rP2FResZfWrhxddG
user.000687,vocqdw1ZVQmtanAa
user.000688,AgXxipvE96CMLfwT
user.000689,Gr0GXht1x2nOIK97
user.000690,ZmJLrVh5eJ43jBkS
user.000691,YnWw3kFbe0eKEVUQ
user.000692,e2FVK0ijm2U2vq35
user.000693,65EULPUaX3TtbUqg
user.000694,rgCzkQxFDLv2M8t2
user.000695,RqpEbGNTvQYIIsNA
user.000696,pCY8WJ7sYzs9nXyF
user.000697,uOVGZSb8FCmZuniD
user.000698,t3KBKLu5AiyRdIPp
user.000699,qmxN4sWvjE7Xyy9y
user.000700,JJaTKkOmBC3bUnkQ
user.000701,tMtnBnlFKV4ZchAT
user.000702,EcVIK6VjzMuEG4C9
user.000703,mjSsEFGezPwY6jm2
user.000704,Qfk83Mru08skCICZ
user.000705,I9jvagTdAByTLFP4
user.000706,TaVHkmoRQEsbMSmx
user.000707,KY2C6D7QdnMAWucO
user.000708,2GnhpBHHA401gPO8
user.000709,Ev8qBjb14qTO3H2B
user.000710,CwYCBnkUY5uEaLmP
user.000711,gJkEO2ThsLMoW25K
user.000712,2P1gKyWzgtIKTzJl
user.000713,TChTiVoS1l4gXiOz
user.000714,EbvfGkelgSYkF2Cr
user.000715,FugXbLSIWQm0d2Kr
user.000716,xb5RRySd9oJUxoGk
user.000717,QxmpIoEgGy2UNYhc
user.000718,jYxXGC63Kp3z3GFP
user.000719,cONfHS7OCX49IDyY
user.000720,Fv9Eu59vAol6tD03
user.000721,OMzc98a3GdqoZuhW
user.000722,epfYi4yoKtOIUmdN
user.000723,vswLItQk6qlS4Obr
user.000724,yWxve8R6PHkTGf5B
user.000725,f7ZyoV9Sri7RwlOj
user.000726,0GJ9lnuS8M9btyJu
user.000727,u74ewseik6JVL1Kw
user.000728,YIgyLUpo8AL4pxLp
user.000729,jlWWCVvDgdkJt0mE
user.000730,Z2D4OtYuBbnw5hLS
user.000731,mOh7gdMbJMTrCjGI
user.000732,mgqONSv33c3lwcZX
user.000733,Coi3sudVHZozRAG3
user.000734,kU2X4ZE5CrAwUOlT
user.000735,cltRQn1zwiHrkvcs
user.000736,s2fxZbU7hk0c4mT9
user.000737,no2tFh8XmBDBD5Ec
user.000738,G5dGeVGS0kgTNAoa
user.000739,ig4iD5C9clXcIxHb
user.000740,iZvS51VlgH9Vw7NS
user.000741,bRPz9hJNUeVzHcE2
user.000742,VgHgzrd1kSUW4CLV
user.000743,6ZZ34CkhmTInJv4w
user.000744,Kdh3j6piw8grCQBr
user.000745,ZZGva0MTOrB6UBaF
user.000746,ZZn9DEmG2Qh12ATw
user.000747,xvG6EaS6BolGG95X
user.000748,vfhtcoacoyyZOHyj
user.000749,vU7lgoMqJz7q9Abg
user.000750,4GQHJnTyBgSW4lnF
user.000751,zgE5ocS8thaohPu1
user.000752,CoTqQgQZZ23UCuPQ
user.000753,xvxE24851cHGKH74
user.000754,2PmFusOZPLCTR4cY
user.000755,gL70awSw50goG6L2
user.000756,2VM7GtoDsgLKM7Nr
user.000757,aqi0HMSBXItYdGpO
user.000758,68BCJB0HbtXgZbrf
user.000759,qiRYSXCFrhuNBHeo
user.000760,7SIKe5GjJhiYd7q5
user.000761,XRvjRbovOGGD0AID
user.000762,RbaHUZ88TeWwv1Yy
user.000763,elIvTiVcCA18eIEq
user.000764,6JvNOePJL1qMuUgW
user.000765,hsKJtPYmNDOiEDzy
user.000766,GYZOkadg2SUT3Kho
user.000767,6yTlJ5619QZanqVU
user.000768,BPAQYxXcFRyecfAJ
user.000769,4PuTlCxURrK8vgcg
user.000770,Vtwna4DivnUUsjfB
user.000771,qpRAtLiA6wjwvxKb
user.000772,mCfQFyk39sa2xYEB
user.000773,EvJ5bxoobgsRNZSQ
user.000774,JsSiTNnxKHSlbLut
user.000775,OiSEoMVTcxetNM5K
user.000776,gWp3MiL7r7fFzjxH
user.000777,lsQkd9DacswxOd1n
user.000778,vAA4gKG1V75oS4aj
user.000779,KQjt9PLfbVPDT7nw
user.000780,DyEcNdRiOIVKn0kM
user.000781,aT9Rv9crZtwoMAHn
user.000782,8IP0YuvVsEy3EpDk
user.000783,JK1IbgleYsaTSFdh
user.000784,G5oOLwaHjNnnBX0Q
user.000785,WkKy4Xl4LbNrFDqY
user.000786,lo0Kojhdwpj2hLGJ
user.000787,6T542iyUbbbYXfTr
user.000788,aooBTiig3RKCrAPt
user.000789,FcW0liT2uTUqq7jM
user.000790,tcIGKhPB0fqEdsPN
user.000791,hrUkyZBtKmXAQvkh
user.000792,uxRwIUuhVUz9wQj6
user.000793,GOcFkYJDCaO87c8B
user.000794,7yudirhKkgJnSV1p
user.000795,hFm9MUE8R2udiZ3H
user.000796,couk8POlu7UVlPfA
user.000797,fhiRFoqrGmFMEhb0
user.000798,fVCx1xgBhnfUwZtx
user.000799,5NlnjVRY0VvrTFTX
user.000800,ZCReFOtFRORP4sXA
user.000801,YIwyat2CCZl3QGgf
user.000802,RBA9TxkN1EdL1Kog
user.000803,YqF6o0ahRs0mPgyY
user.000804,ZYmnMW5CWi43mb20
user.000805,XUTcHuCyZz6ut9zw
user.000806,MPdUCYzsZokJOvQT
user.000807,iuOgNW8Sy6karAY3
user.000808,pkOPEcIS6Q0dDTKS
user.000809,YTVJXNlAVXQHJg59
user.000810,KEWoVAdCFKcV13nR
user.000811,sL7czsMiZRLhKMIm
user.000812,02aChuuUgeuiiNT0
user.000813,lLLsxZJlpWvFN3b8
user.000814,mjRyxGHWZT8kfOdD
user.000815,EeW5g8CMGY2BbYfW
user.000816,Uwli9Pmp4sh9NvJV
user.000817,2g5kBe4jVQzmy7Vz
user.000818,h07Sr0lTIz2rKYnC
user.000819,dzsQQRfMojXa3SL1
user.000820,oGx8Sd0qvIOuozev
user.000821,l1699PdQqK0drhCl
user.000822,XOkRZg6AmnDtnuez
user.000823,vfbgDuUipkKFfU7x
user.000824,Yj98e23QaJHQnDDu
user.000825,H8l5bJvpaRhzA37f
user.000826,FyhpNXgDHAli5iTy
user.000827,UR8vtBHt8Zy6gg2R
user.000828,ODgAccO9umCfDIIa
user.000829,OPKmT37KFqIo2Bhm
user.000830,xJOtYa5KnoCO0IKq
user.000831,qbVL724rOSyOPU7x
user.000832,IpNZ7ulQVcRi6vLa
user.000833,bdGb38VagQIzMkzi
user.000834,2aZF6ZTIaRJIVfiQ
user.000835,ZkVEiG4HhigHrecW
user.000836,TxJFUj8wEsRloX1z
user.000837,uP5AHYStSKwonxT4
user.000838,qhMf9QBRwKa2QqkL
user.000839,yKLq6tiB55WRUpc9
user.000840,1xqA0rUlEWWxcLhc
user.000841,SpxhDIDZz6kRia7q
user.000842,2ILKSoLhaYhF6Y6R
user.000843,dJlh1BJitit6JuGt
user.000844,Rj3TJ8dFtXg61gbr
user.000845,mzMugu4da858h9k2
user.000846,jBkFlk4qlCJNaEA5
user.000847,8PWqfj3yVeDosugX
user.000848,RJSXr5izYDM9CTqu
user.000849,Xjs6rHU5U1uDv7jI
user.000850,YS2Zukd3mFFH9oi7
user.000851,oxNbWoMOAeww6V7N
user.000852,3dYLoTcflFDSt9lb
user.000853,c9jJsCV9Ddz7HztC
user.000854,NQGcdViRtF4fpuru
user.000855,ctEyBNrjFPNmIYSE
user.000856,CZ7ENNowvm0IAKMz
user.000857,BMgdtsohFVqWv9XA
user.000858,Gj3RbHvVYIvEn18I
user.000859,g0WZ9pXj3zj91OgT
user.000860,OpTuYHYnxZlD8BXX
user.000861,XwM075zJKU5YPsFh
user.000862,0rFiYiUX0ZncpiGB
user.000863,Bh0wNSrvJMaYBdz3
user.000864,I3RCO3BKqdGwB3af
user.000865,SaN6uktJqfRXW7qR
user.000866,bQ2OLejQ5FlhR20n
user.000867,eARFd7euOf4kOEw9
user.000868,Rat38NOxHrFps1QA
user.000869,OYejXIYAyrMCJMOi
user.000870,kFK1h9rvGbdFkaJT
user.000871,89vsnabf6SJDTdH0
user.000872,fAJ4JFtOBMz4PAhZ
user.000873,oah63NCNzfFqOC2b
user.000874,K55JIKPbp3V2qLfa
user.000875,tvyZAMdFZStozhG2
user.000876,Dsrc6W07JG51hKBl
user.000877,vWcknxoGurVtnAel
user.000878,xnNnWCcndWyVVdc4
user.000879,C8kcqIPIREZkoQNw
user.000880,qLrxiyo2RkontBcG
user.000881,LGU7UUpEWmm1selY
user.000882,PmNdK4AAzxqKyYax
user.000883,QHqHLMMsqNawPzQU
user.000884,2zFr8PEqIG1u9wkj
user.000885,y2Nvk1bZiIk1eDFw
user.000886,ux79nddWfffIHhzj
user.000887,WtCm9H3PkibFT48f
user.000888,6DT9zearMdJPfzA0
user.000889,u5WegS9qhBNLQ0sl
user.000890,J102YTUOB1c6qO6v
user.000891,gz2mTiCmzwwRFB8q
user.000892,kKMymWDu7AkEPRaQ
user.000893,GeRfz9LRuRAYpptR
user.000894,iVGSgjU9sTbYT5OH
user.000895,yumimOLeqeZ1Xj69
user.000896,7MQ5uZQNoPEeimCN
user.000897,xr8yDiAGOA4vzc5i
user.000898,nxHZvSCiPRlx0hy4
user.000899,bLWDCmZhq5paYiRs
user.000900,AJzgd03fkwlXLAxl
user.000901,8u7zpXNtxOlxRs6J
user.000902,mhkDKO1drWkf6UzQ
user.000903,gUwBTnor0uVW6ylL
user.000904,RZr8cRNoQ9RHAguy
user.000905,7S69BEAyj89QuSw3
user.000906,8NLInY6yXnQxs2gD
user.000907,gxVGZOBjaWy5BECw
user.000908,BnZ8z5fPI0kcOnL5
user.000909,kuBhdVob1PLrGc2B
user.000910,vQHDUM9MciyazIa1
user.000911,pwdIVlfgzN0AU1FH
user.000912,uhnMBc7syQH6CRXa
user.000913,I3BOp1VSIEghrk8c
user.000914,aQDUvuzy3fktoxtr
user.000915,fGtJ7mroiFxTrm9V
user.000916,9pldKdFVwSc7Oc49
user.000917,8ohDOcmJcXfoMuG2
user.000918,hyvAoK4r9KJ3wluR
user.000919,mIwXCCIIYMw3vqpW
user.000920,2gUUvC8lx9eIt1DQ
user.000921,QiQfsRosUGZUZMGl
user.000922,H0URQdnftOIVOAE2
user.000923,fJ8eBVjMMy4Bo2VU
user.000924,GCTXdSV9PTmdkuAx
user.000925,inkCbIJnDmZSeG0A
user.000926,YpLgUSc8OixmEwXi
user.000927,kJ1WJBHmAu5VLJbG
user.000928,zKMh0CwdjpX5Dlum
user.000929,3EobKF1rG37JpwOX
user.000930,wt8l0yQslrR0DHyx
user.000931,SQq845gzWTUad1qM
user.000932,ft6QEU2drUeyr8xp
user.000933,4JyCD5mOzb10H4CL
user.000934,ZM7mLPjzoo5mxBVd
user.000935,O3vrjjRbYVQYWUf0
user.000936,CCBsgObcZXgFYdg7
user.000937,jHrqEilNGjzMfX0I
user.000938,9eY9LSSLVPmOJOVv
user.000939,YijiTZZhEq9wszOu
user.000940,mKIvzEPZmGYLFnJw
user.000941,drFlTuLNvzE2p0ZC
user.000942,lNNlS96Pg3mZvMw9
user.000943,7rHG1DbDG0p7KUNf
user.000944,5XJKw1ohlUqLNtQu
user.000945,59cG2pLr3wbV1v8m
user.000946,tzYJyHKfmhTVQ8EA
user.000947,8VO7OEJPwMdqZOs1
user.000948,hyDPrH4Atu7IVczn
user.000949,QTfOZTmlR8j8gylu
user.000950,PI9tJZQApNkedIz3
user.000951,mhbbmMeAlsEF2mzD
user.000952,SaZmkV6UjBGohGV6
user.000953,sn3QYVwYsTF1hpDr
user.000954,XAzGCQedHVBa5lTP
user.000955,znQQ1rJ3qjKDDXBq
user.000956,e3FBfmVG82xlh07Z
user.000957,uBFVneDHg2CHzZC7
user.000958,NRoGAH7sKjn7lSA6
user.000959,wYUHAUqWS9KijFYX
user.000960,SWpd2qSkSkIXHsgi
user.000961,iGMHzbXSwBE2U51k
user.000962,aOLQp5TtRzB4VQ75
user.000963,cRfok8GacPQBBtI0
user.000964,ct16MBVmy0BfSeTp
user.000965,yu0TDtvrgSeACWwA
user.000966,QTAOwjl0rlUxAXqE
user.000967,bfXfByDLBvVnUzUJ
user.000968,ieB4XJ6QpFXlZQhI
user.000969,LdbLig7m2BCVlYBM
user.000970,XDbYA2d1OeQHvgzW
user.000971,Jari97bF1opKD6Zq
user.000972,n31OKrSZOLvxUWAw
user.000973,FqKwbgT7y6X7CyDg
user.000974,3AStBrAp6TuGn9xq
user.000975,fbBg6roK54FGbOKt
user.000976,s2N3yrn8l5XL3LdR
user.000977,gFm1hjVff6uWKJQe
user.000978,AvnvBCruQ3LtbjjS
user.000979,YwTMXWFDQ4LC1yxm
user.000980,CJLC50GkliNTkZFa
user.000981,hGim7nXl5C3IMLAg
user.000982,rCbT5wQGksF2xkOt
user.000983,NUqXgNVGStJy1ea1
user.000984,ZD8DXtuG84wS8OlH
user.000985,WxQWDh1cZLX2olGB
user.000986,lHA3bLt5Gp5MQypp
user.000987,pB7th50FCGMR0qxe
user.000988,oUQyDm39VwU6LFPV
user.000989,87ULAzmieRJY65b0
user.000990,giMYwcoHlE8LxNHl
user.000991,Bogl17labCgnTN2v
user.000992,cpuRc9TVhSb4wvlD
user.000993,9N2pL1PxFegMxz0O
user.000994,IvOsGiSI7pVicpxz
user.000995,Zv9OHFXvamrbgeRu
user.000996,WBg3kpfi9WiSxGbS
user.000997,vzrwAoiRn0ha793F
user.000998,Qe8Cd0rStgyd2q5T
user.000999,PKaFoZwP9eGW1Dmv
user.001000,MetyDH1pEj7a4xd1
user.001001,RAP01Is3RQkkMZLM
user.001002,CLDTPPTT9DeCze2H
user.001003,NZmJI7W3lHsGj8xN
user.001004,5eAVZcUMx5YmwwNl
user.001005,WrAh2VoRwLPHxOCc
user.001006,p67O3pbKeXACzw4H
user.001007,HKmVsbZwZzvuBLkH
user.001008,t2GIJOHIsFldsexJ
user.001009,gq04OGVslBQGxmmx
user.001010,xLrGJKH1pFg5jhkl
user.001011,JKMlc1GmR8E9CPYG
user.001012,Arn2tDKzZjFngijj
user.001013,3wroVQ5pBEhok2E6
user.001014,6IpRjZbPoGMI65i4
user.001015,UPeyEN2UW3xYEO0w
user.001016,7VwMSmBFY7xgoYA7
user.001017,0CJ2c5jX4TsLJfKo
user.001018,pZv9GjdKDh9IjOOz
user.001019,jrkKAoXDWFT1ogiZ
user.001020,kh4hDPb3XeJ3LLSf
user.001021,FqHufWCQAdVncGXm
user.001022,1RIfPazLVIJJkhuq
user.001023,OaSMj4Aly4uojr1k
user.001024,0vqKdgbVfiGW0tgX
user.001025,4NTbpYPhsyKPDiKu
user.001026,HABrVVvAWxdWajpg
user.001027,Mj3ryabiupui8teZ
user.001028,efTJLuq8yR5iX9QE
user.001029,1yUynSaUWJQDj1Sz
user.001030,nJ6YxICA3B0bDqWL
user.001031,oZvHbwyrWTRefpDp
user.001032,fCP5iuLMOiLZXcnN
user.001033,RCc2WhIeZme0j8Fg
user.001034,so97C4qyntvH46gK
user.001035,YC1hmIQrQDxHiK4v
user.001036,lki4pcboEywGt13c
user.001037,qok3ToKr0UZ26H7Z
user.001038,XnMBN1QgJ08VQRxT
user.001039,mJWlEZHHARExQCkd
user.001040,dUdzqHDVX8SyUu1K
